image_filename,x1,y1,x2,y2,conf
1740108542.927165.png,680.5452880859375,275.79803466796875,848.6719970703125,337.9078369140625,0.8523514866828918
1740108542.927165.png,0.0,244.582275390625,273.5251159667969,317.18902587890625,0.841183066368103
1740108542.995545.png,679.3696899414062,276.76251220703125,846.4636840820312,337.990234375,0.8289126753807068
1740108542.995545.png,0.0,245.6114501953125,271.387939453125,319.4927978515625,0.8287277817726135
1740108543.063724.png,677.9443359375,275.8303527832031,843.603515625,336.0446472167969,0.8480565547943115
1740108543.063724.png,0.0,243.14410400390625,271.37109375,319.14031982421875,0.8298041224479675
1740108543.131767.png,674.81640625,272.79656982421875,842.640380859375,332.60992431640625,0.8477344512939453
1740108543.131767.png,0.07769775390625,241.9637451171875,266.9177551269531,314.09197998046875,0.8303865194320679
1740108543.199624.png,672.6307373046875,272.84442138671875,839.5931396484375,333.27325439453125,0.8717020750045776
1740108543.199624.png,0.0,240.25375366210935,262.4616394042969,313.3361511230469,0.8131129145622253
1740108543.199624.png,666.86328125,608.923583984375,839.9345703125,693.794189453125,0.5772426724433899
1740108543.267292.png,669.8389892578125,273.8948974609375,837.3458251953125,335.088623046875,0.848861813545227
1740108543.267292.png,0.0,238.65582275390625,257.6201171875,314.3920288085937,0.7714824080467224
1740108543.334800.png,667.759033203125,274.13433837890625,834.51416015625,335.77813720703125,0.8573492169380188
1740108543.334800.png,0.0,239.42376708984372,257.08270263671875,313.7108764648437,0.7742470502853394
1740108543.334800.png,663.916015625,609.89453125,834.1571044921875,698.920654296875,0.5379523038864136
1740108543.402185.png,665.7347412109375,274.5871276855469,832.3343505859375,336.8781433105469,0.843498706817627
1740108543.402185.png,0.0,244.46807861328125,256.0819091796875,315.4302978515625,0.7826818823814392
1740108543.402185.png,664.1867065429688,610.764892578125,827.2218627929688,701.6341552734375,0.5242048501968384
1740108543.469623.png,663.06005859375,277.07501220703125,831.2314453125,337.05926513671875,0.8376745581626892
1740108543.469623.png,0.0,249.92251586914065,255.9579162597656,321.7709045410156,0.7615012526512146
1740108543.469623.png,666.8948974609375,612.7965087890625,818.2784423828125,705.4073486328125,0.6292697191238403
1740108543.536877.png,661.6702270507812,276.6497497558594,826.9872436523438,337.1955871582031,0.8278917074203491
1740108543.536877.png,0.0,250.83856201171875,255.1798858642578,326.80633544921875,0.6965100169181824
1740108543.536877.png,670.0147094726562,611.4572143554688,810.2832641601562,706.2549438476562,0.5112395286560059
1740108543.604005.png,660.8329467773438,277.00390625,825.9304809570312,337.5416259765625,0.8222714066505432
1740108543.604005.png,0.0,252.0960693359375,251.492919921875,328.70513916015625,0.6873255372047424
1740108543.604005.png,672.7364501953125,612.3663330078125,803.505615234375,706.7413330078125,0.5093898177146912
1740108543.737948.png,657.395263671875,279.9384155273437,822.2811279296875,338.87847900390625,0.8376604318618774
1740108543.737948.png,0.0,256.43817138671875,244.2501220703125,327.90972900390625,0.5304611325263977
1740108543.804740.png,655.09765625,279.4372863769531,821.288818359375,338.4150085449219,0.840691089630127
1740108543.804740.png,0.0,247.78253173828125,237.4337615966797,325.0419311523437,0.6100072860717773
1740108543.871496.png,654.8621215820312,282.515380859375,820.9600219726562,343.28680419921875,0.8374261260032654
1740108543.871496.png,0.0,247.9713134765625,238.9000244140625,322.7846069335937,0.6866365671157837
1740108544.004705.png,655.420654296875,274.6725769042969,821.967529296875,334.6987609863281,0.8688799142837524
1740108544.004705.png,0.0,234.32452392578125,240.1253662109375,313.01983642578125,0.7449666857719421
1740108544.071130.png,654.01318359375,274.77490234375,822.308837890625,335.987548828125,0.8652375936508179
1740108544.071130.png,0.0161285400390625,234.8541259765625,240.18679809570312,311.1533203125,0.7433459758758545
1740108544.137435.png,656.561767578125,273.57586669921875,823.075927734375,334.97821044921875,0.872600257396698
1740108544.137435.png,0.0,233.36978149414065,242.1015625,308.8988952636719,0.7366422414779663
1740108544.269687.png,663.3986206054688,273.6184997558594,831.3987426757812,336.7042541503906,0.8544989824295044
1740108544.269687.png,0.0,239.1434326171875,251.73703002929688,312.63140869140625,0.7777113318443298
1740108544.335634.png,668.029541015625,276.2877197265625,838.9609375,338.2042236328125,0.8643757700920105
1740108544.335634.png,0.0,245.23260498046875,254.1570281982422,319.656982421875,0.820526123046875
1740108544.401461.png,675.07080078125,277.9730529785156,842.701171875,338.9388732910156,0.8489846587181091
1740108544.401461.png,0.0,248.6522216796875,266.8583374023437,323.1021728515625,0.8196520805358887
1740108544.532756.png,679.1268310546875,278.68072509765625,853.93505859375,342.31036376953125,0.8504096865653992
1740108544.532756.png,0.0634765625,250.89654541015625,274.98681640625,326.3700561523437,0.8129321932792664
1740108544.598224.png,682.514892578125,277.3058776855469,855.13037109375,338.8542785644531,0.8463126420974731
1740108544.598224.png,0.0,249.69314575195312,277.89697265625,324.1521301269531,0.7979925870895386
1740108544.663572.png,681.5283203125,277.8480529785156,854.7330322265625,339.9053039550781,0.8396643400192261
1740108544.663572.png,0.0,250.16537475585935,276.56329345703125,324.1008605957031,0.8119305372238159
1740108544.793909.png,676.6416015625,277.7364807128906,846.896484375,339.7020568847656,0.8444961905479431
1740108544.793909.png,0.06085205078125,255.406982421875,270.27197265625,327.78192138671875,0.8025676608085632
1740108544.859218.png,671.069580078125,277.40264892578125,841.034423828125,339.08563232421875,0.8362752795219421
1740108544.859218.png,0.0,258.8251342773437,265.5331420898437,332.94635009765625,0.8031525611877441
1740108544.925976.png,666.1488037109375,276.8252258300781,838.3485107421875,338.0903015136719,0.8245834112167358
1740108544.925976.png,0.0,260.4925537109375,255.84341430664065,332.3070678710937,0.7970074415206909
1740108544.992721.png,664.2220458984375,279.2257080078125,837.5489501953125,340.28143310546875,0.8358659744262695
1740108544.992721.png,0.0,262.3666381835937,253.07481384277344,334.8594970703125,0.825241208076477
1740108545.126173.png,666.4093017578125,281.102294921875,838.4051513671875,342.660888671875,0.8394789695739746
1740108545.126173.png,0.0,264.5209350585937,259.9833679199219,337.62554931640625,0.8150250911712646
1740108545.192881.png,668.39111328125,277.7606811523437,839.95703125,339.22869873046875,0.8351457118988037
1740108545.192881.png,0.095550537109375,262.77667236328125,264.2012023925781,334.84588623046875,0.8277209997177124
1740108545.259576.png,669.1591186523438,277.9081726074219,839.8733520507812,338.1288146972656,0.8320858478546143
1740108545.259576.png,0.135986328125,262.2823486328125,265.0465087890625,332.848388671875,0.8282830715179443
1740108545.326259.png,669.66162109375,277.9163818359375,840.2548828125,338.5216064453125,0.8371800184249878
1740108545.326259.png,0.062713623046875,258.1204833984375,267.038818359375,328.4454345703125,0.8143150806427002
1740108545.459588.png,676.7327880859375,271.99981689453125,849.1783447265625,333.70538330078125,0.8778991103172302
1740108545.459588.png,0.0,237.91653442382807,273.363525390625,308.0578308105469,0.8290187120437622
1740108545.526233.png,678.6452026367188,271.21197509765625,852.3894653320312,331.57257080078125,0.8541661500930786
1740108545.526233.png,0.0,232.8856506347656,277.1345520019531,302.7668151855469,0.8242437243461609
1740108545.592865.png,679.4524536132812,270.6373291015625,853.5938110351562,331.466552734375,0.8559005856513977
1740108545.592865.png,0.0,230.42526245117188,279.2553405761719,302.6418762207031,0.8212240934371948
1740108545.726093.png,672.682861328125,269.9334716796875,848.3861083984375,332.351806640625,0.8570194244384766
1740108545.726093.png,0.0,235.65380859375,273.3598022460937,304.3328857421875,0.8301635384559631
1740108545.792688.png,676.4344482421875,271.240234375,848.8797607421875,332.611328125,0.8638579845428467
1740108545.792688.png,0.0,236.9359436035156,277.58905029296875,304.9112243652344,0.8347454071044922
1740108545.859261.png,674.4761962890625,274.659912109375,848.3045654296875,335.997314453125,0.8634880185127258
1740108545.859261.png,0.0,238.19610595703125,277.9654541015625,305.7418212890625,0.7995218634605408
1740108545.992267.png,0.0,244.51736450195312,268.2292175292969,315.0198669433594,0.8251019716262817
1740108545.992267.png,663.878173828125,280.477294921875,838.916748046875,343.2156982421875,0.81568443775177
1740108546.058740.png,659.5556030273438,283.23590087890625,832.9832153320312,344.04510498046875,0.8349286913871765
1740108546.058740.png,0.0,249.8646240234375,258.1884155273437,319.397705078125,0.8324663639068604
1740108546.125193.png,655.8287353515625,285.880859375,828.10107421875,346.380126953125,0.848974883556366
1740108546.125193.png,0.2816162109375,252.12066650390625,257.83349609375,323.75634765625,0.8170976638793945
1740108546.258039.png,651.958740234375,283.529052734375,824.2396240234375,343.22625732421875,0.8317896127700806
1740108546.258039.png,0.1504364013671875,251.9720458984375,254.10777282714844,322.21783447265625,0.8214033246040344
1740108546.324432.png,649.0984497070312,280.4804992675781,824.0355834960938,342.3839416503906,0.8245233297348022
1740108546.324432.png,0.08660888671875,250.3189392089844,248.8494415283203,320.1726989746094,0.8241731524467468
1740108546.390805.png,648.294921875,279.12384033203125,823.890625,341.92022705078125,0.8185204267501831
1740108546.390805.png,0.0851593017578125,248.47723388671875,251.10723876953125,319.34259033203125,0.8164202570915222
1740108546.457159.png,651.1262817382812,277.43603515625,824.4498901367188,338.6180419921875,0.8194425702095032
1740108546.457159.png,0.1725006103515625,243.46533203125,249.7789459228516,312.3209228515625,0.8174000978469849
1740108546.589804.png,1.687164306640625,239.3636474609375,272.0941772460937,307.083251953125,0.8171355128288269
1740108546.589804.png,664.466064453125,281.77655029296875,840.116943359375,343.8009033203125,0.7903872132301331
1740108546.656098.png,17.2286376953125,238.33425903320312,282.34893798828125,304.4205017089844,0.8429226875305176
1740108546.656098.png,672.0650024414062,279.5323181152344,850.2780151367188,343.0705871582031,0.8348464965820312
1740108546.722371.png,681.315673828125,277.63092041015625,858.1170654296875,340.6781616210937,0.84229975938797
1740108546.722371.png,36.16177368164063,231.45867919921875,295.4378356933594,300.79656982421875,0.816053032875061
1740108546.854955.png,688.59521484375,279.0531005859375,870.560791015625,341.2198486328125,0.8412299752235413
1740108546.854955.png,54.02801513671875,229.11773681640625,306.2083740234375,297.705810546875,0.8152402639389038
1740108546.921664.png,59.112884521484375,232.9874267578125,308.2250671386719,299.6641845703125,0.82420814037323
1740108546.921664.png,689.7081298828125,276.5665283203125,871.6505126953125,340.76519775390625,0.8042762875556946
1740108547.055086.png,75.12228393554688,249.5748291015625,314.0332336425781,316.4906005859375,0.8337545394897461
1740108547.055086.png,696.2554931640625,282.0050964355469,876.2620849609375,345.2256774902344,0.821968674659729
1740108547.121797.png,78.52812957763672,254.25222778320312,316.34442138671875,318.4789123535156,0.8475897908210754
1740108547.121797.png,698.1055908203125,280.60675048828125,877.3563232421875,343.16168212890625,0.8384528160095215
1740108547.188509.png,87.09888458251953,254.07080078125,323.4010009765625,318.3883056640625,0.8721816539764404
1740108547.188509.png,700.537353515625,280.85272216796875,882.9326171875,343.80242919921875,0.8319597840309143
1740108547.321933.png,692.0985107421875,274.54522705078125,873.12890625,340.2650756835937,0.8372426629066467
1740108547.321933.png,73.94427490234375,245.975830078125,311.6763916015625,313.2952880859375,0.8310803771018982
1740108547.388645.png,682.9915771484375,275.62188720703125,868.2896728515625,338.5311889648437,0.8483974933624268
1740108547.388645.png,62.518531799316406,247.29913330078125,305.3511657714844,314.0277099609375,0.838655412197113
1740108547.455359.png,680.0040283203125,273.8833923339844,859.7169189453125,335.7731018066406,0.8524405360221863
1740108547.455359.png,55.12615966796875,244.7347412109375,297.6918640136719,311.3885498046875,0.8479824066162109
1740108547.588787.png,55.18920135498047,232.25747680664065,297.2528076171875,300.8165588378906,0.8440058827400208
1740108547.588787.png,677.787841796875,264.86395263671875,859.5950927734375,328.7431030273437,0.7477559447288513
1740108547.655501.png,56.86009979248047,222.87435913085935,295.6087646484375,289.5292663574219,0.836338460445404
1740108547.655501.png,677.9368896484375,259.9346923828125,859.0877685546875,323.7501220703125,0.8023453950881958
1740108547.722216.png,61.626121520996094,218.0606384277344,300.1103820800781,284.2225646972656,0.8493214845657349
1740108547.722216.png,678.7320556640625,258.933837890625,863.3985595703125,322.516357421875,0.8019382953643799
1740108547.855646.png,90.16767120361328,207.42886352539065,318.40704345703125,271.1250915527344,0.8550831079483032
1740108547.855646.png,693.53076171875,248.8656005859375,879.430908203125,314.768310546875,0.8295339345932007
1740108547.922360.png,99.56378173828124,208.7259063720703,322.574951171875,273.46502685546875,0.8629012107849121
1740108547.922360.png,696.0001220703125,248.97698974609372,882.9058837890625,313.8616943359375,0.8165488243103027
1740108547.989074.png,99.2139892578125,219.14926147460935,324.26104736328125,284.3342590332031,0.8687167763710022
1740108547.989074.png,695.0869140625,252.4075927734375,881.3155517578125,314.8486328125,0.8358101844787598
1740108548.055789.png,101.4735107421875,219.1963806152344,324.4104309082031,283.6466369628906,0.8657184839248657
1740108548.055789.png,695.573486328125,244.17388916015625,881.8895263671875,307.2823486328125,0.8400338292121887
1740108548.189219.png,101.90951538085938,227.38043212890625,321.7095947265625,290.69683837890625,0.8455681204795837
1740108548.189219.png,693.39404296875,244.1865234375,879.1256103515625,306.8671875,0.824638843536377
1740108548.255935.png,101.3990478515625,231.5146484375,320.216552734375,294.5447998046875,0.8440751433372498
1740108548.255935.png,689.0986328125,243.05886840820312,876.090087890625,306.6003723144531,0.8194056749343872
1740108548.322651.png,691.262451171875,242.77728271484372,877.663818359375,306.26031494140625,0.8422077298164368
1740108548.322651.png,103.90936279296876,234.07623291015625,321.6993408203125,298.40704345703125,0.8254167437553406
1740108548.456084.png,698.56396484375,256.68707275390625,890.269775390625,318.1083374023437,0.8303519487380981
1740108548.456084.png,127.01571655273438,246.30120849609372,336.91357421875,309.4495849609375,0.8231719136238098
1740108548.522801.png,698.0625,263.56500244140625,888.58935546875,327.2953491210937,0.8437401652336121
1740108548.522801.png,126.1086196899414,254.42047119140625,335.0640563964844,315.13726806640625,0.8330175876617432
1740108548.589520.png,136.562255859375,250.76068115234372,340.25262451171875,312.33428955078125,0.8448242545127869
1740108548.589520.png,704.795166015625,263.0443115234375,892.373046875,322.75115966796875,0.8020548224449158
1740108548.656238.png,125.85442352294922,245.984619140625,332.157470703125,306.4320678710937,0.8422701358795166
1740108548.656238.png,696.4215087890625,259.99200439453125,888.3197021484375,323.45098876953125,0.8374437689781189
1740108548.789675.png,679.6942138671875,258.8813171386719,873.2620849609375,322.0433044433594,0.8534533977508545
1740108548.789675.png,105.2789306640625,232.89791870117188,314.27032470703125,297.1737976074219,0.7359408736228943
1740108548.856465.png,675.4080200195312,259.478515625,868.2678833007812,321.29412841796875,0.8435905575752258
1740108548.856465.png,97.72794342041016,234.07424926757807,309.0826721191406,297.9065856933594,0.7300165295600891
1740108548.990547.png,91.75428009033205,239.9080810546875,303.0943603515625,303.8472900390625,0.8579267859458923
1740108548.990547.png,670.8606567382812,260.3808288574219,857.9393920898438,321.2449035644531,0.7857462167739868
1740108549.057601.png,93.87427520751952,241.6358642578125,305.88671875,308.24188232421875,0.8051368594169617
1740108549.057601.png,680.9315185546875,261.1947631835937,836.8265380859375,320.603515625,0.7435467839241028
1740108549.191740.png,89.40314483642578,251.9251708984375,302.77203369140625,315.94921875,0.852588951587677
1740108549.191740.png,682.679443359375,272.1313171386719,805.1219482421875,331.6183776855469,0.636345386505127
1740108549.258823.png,87.99807739257812,246.88412475585935,299.568603515625,309.3687438964844,0.8532972931861877
1740108549.325915.png,86.5159912109375,241.41497802734372,296.7356872558594,305.10662841796875,0.8669691681861877
1740108549.460126.png,103.51436614990234,239.18353271484372,307.9535217285156,302.46148681640625,0.8708723187446594
1740108549.527246.png,109.40953826904295,240.14752197265625,311.79266357421875,301.6044311523437,0.8604673743247986
1740108549.661515.png,120.07009887695312,226.4146728515625,317.3030700683594,289.0238037109375,0.8612334728240967
1740108549.728662.png,126.8121337890625,227.6866455078125,323.5683288574219,289.4356689453125,0.8572953343391418
1740108549.795820.png,128.43994140625,227.17649841308597,322.1654052734375,287.4573974609375,0.8666255474090576
1740108549.929501.png,125.12710571289062,234.9872131347656,321.135498046875,297.7190856933594,0.8805230855941772
1740108549.996140.png,127.39065551757812,244.5723571777344,317.3985595703125,307.5498962402344,0.8599778413772583
1740108550.062777.png,133.24322509765625,256.0462646484375,322.8038635253906,317.544189453125,0.8518235683441162
1740108550.062777.png,675.994140625,282.69146728515625,811.77587890625,326.7352905273437,0.5335111618041992
1740108550.129411.png,137.7767333984375,263.8715515136719,327.2462463378906,324.0879821777344,0.8562744855880737
1740108550.196044.png,137.66305541992188,266.432861328125,327.18017578125,328.9405517578125,0.8793619871139526
1740108550.262673.png,135.65090942382812,262.4451904296875,324.45880126953125,326.1087646484375,0.8469067811965942
1740108550.329298.png,136.78671264648438,261.447509765625,322.34552001953125,324.74493408203125,0.8306728005409241
1740108550.462542.png,152.31375122070312,266.8296813964844,333.6626892089844,329.1087951660156,0.8539248704910278
1740108550.529160.png,156.408203125,266.9181213378906,333.8052062988281,326.1454162597656,0.8710476756095886
1740108550.595775.png,164.42898559570312,256.139892578125,341.3127136230469,314.6419677734375,0.8605892062187195
1740108550.662387.png,178.20138549804688,248.14584350585935,349.5121765136719,304.8731994628906,0.8485226631164551
1740108550.728997.png,187.13059997558597,252.8045654296875,359.35986328125,312.7652587890625,0.8465878367424011
1740108550.795604.png,218.48898315429688,264.0289306640625,288.7272644042969,314.6055908203125,0.782655656337738
1740108550.862245.png,0.0,326.111328125,136.55673217773438,406.0911254882813,0.5387040376663208
1740108552.596988.png,1180.8955078125,264.4383544921875,1265.43359375,486.4996948242188,0.5390524864196777
1740108552.863563.png,818.44580078125,240.33349609375,1029.05908203125,305.516845703125,0.8094984292984009
1740108552.930202.png,792.254638671875,240.77703857421875,1028.060791015625,306.02276611328125,0.8568466901779175
1740108552.996851.png,786.77685546875,242.66146850585935,1020.957763671875,309.6088562011719,0.8441728353500366
1740108553.063528.png,782.294189453125,246.484619140625,1015.700927734375,312.16748046875,0.8220192790031433
1740108553.130204.png,779.115966796875,242.09942626953125,1012.826904296875,308.66851806640625,0.8490707278251648
1740108553.196878.png,782.2855224609375,238.87152099609372,1017.3157958984376,304.26483154296875,0.8471453785896301
1740108553.263552.png,787.698486328125,229.61065673828125,1024.6788330078125,296.42431640625,0.8509610295295715
1740108553.330224.png,781.0906982421875,226.97520446777344,1016.3138427734376,295.0350341796875,0.8399069309234619
1740108553.396897.png,779.3890991210938,214.80274963378903,1016.2393188476562,284.659423828125,0.8286150693893433
1740108553.463567.png,776.19970703125,217.8253173828125,1013.792724609375,285.7606201171875,0.8354061245918274
1740108553.463567.png,363.8798828125,209.1853179931641,576.5531005859375,270.8912353515625,0.7531207203865051
1740108553.530237.png,775.7153930664062,221.2015686035156,1008.3694458007812,284.8156433105469,0.8476427793502808
1740108553.530237.png,354.1689453125,214.41452026367188,577.2048950195312,272.7278137207031,0.8143585324287415
1740108553.596905.png,767.6685791015625,227.191650390625,999.1778564453124,291.015380859375,0.8441256284713745
1740108553.596905.png,344.1689453125,222.8450164794922,578.5714721679688,281.82940673828125,0.8191531300544739
1740108553.730239.png,756.8740234375,239.49490356445312,986.5302734375,303.1719055175781,0.8345919251441956
1740108553.730239.png,342.9176025390625,236.55322265625,537.2689208984375,296.607666015625,0.7765448689460754
1740108553.796905.png,751.9742431640625,243.5107421875,982.8597412109376,307.9342041015625,0.8497910499572754
1740108553.796905.png,350.85498046875,243.178955078125,501.35455322265625,303.694580078125,0.740695059299469
1740108553.863569.png,757.8214111328125,252.95730590820312,989.5552978515624,318.4248352050781,0.8343199491500854
1740108553.930233.png,766.761962890625,268.9234619140625,1002.9385986328124,333.201904296875,0.8537490963935852
1740108553.930233.png,762.3773193359375,669.097900390625,997.9449462890624,720.0,0.5808647871017456
1740108553.996902.png,773.422607421875,270.55621337890625,1010.2135009765624,335.78326416015625,0.8667752146720886
1740108553.996902.png,762.13232421875,675.0419311523438,1000.4117431640624,720.0,0.5707797408103943
1740108554.063585.png,774.1046142578125,266.2999267578125,1010.1151123046876,330.4681396484375,0.8495730757713318
1740108554.063585.png,758.9356689453125,669.617431640625,993.6029052734376,720.0,0.6117204427719116
1740108554.196947.png,764.6002807617188,270.9140625,1004.1713256835938,337.82379150390625,0.8625017404556274
1740108554.196947.png,739.6611328125,675.560791015625,979.51416015625,720.0,0.7788347005844116
1740108554.263628.png,757.4378662109375,275.4732666015625,997.2825927734376,345.12518310546875,0.8487935662269592
1740108554.263628.png,732.330810546875,681.9574584960938,963.966552734375,720.0,0.5760815739631653
1740108554.396986.png,726.609619140625,276.1889038085937,959.580322265625,344.85723876953125,0.8476336598396301
1740108554.396986.png,695.64306640625,677.8560791015625,927.067626953125,720.0,0.6264549493789673
1740108554.463665.png,709.1788330078125,276.38720703125,936.6976318359376,344.531005859375,0.8431175947189331
1740108554.463665.png,676.3666381835938,673.7037353515625,905.7409057617188,720.0,0.6706622242927551
1740108554.597018.png,678.5924072265625,271.70166015625,903.43359375,338.95751953125,0.8561417460441589
1740108554.597018.png,647.5970458984375,666.8292236328125,875.6160888671875,720.0,0.701806902885437
1740108554.597018.png,215.73350524902344,252.83123779296875,347.95166015625,306.14996337890625,0.635126531124115
1740108554.663694.png,662.95751953125,272.4229431152344,888.341552734375,339.1346130371094,0.8621827363967896
1740108554.663694.png,196.09912109375,251.80081176757807,330.43145751953125,307.5882263183594,0.7329694628715515
1740108554.663694.png,632.342529296875,666.52294921875,861.042236328125,720.0,0.6861608028411865
1740108554.730368.png,647.6324462890625,274.2179260253906,872.421630859375,342.3175354003906,0.8435994386672974
1740108554.730368.png,170.9410400390625,250.7601318359375,311.8758544921875,310.65673828125,0.7662164568901062
1740108554.730368.png,617.220458984375,669.8651123046875,843.5367431640625,720.0,0.6500890254974365
1740108554.797042.png,633.6744384765625,274.51092529296875,860.2908935546875,341.64801025390625,0.8506247997283936
1740108554.797042.png,153.72467041015625,254.306884765625,295.2833251953125,309.0650634765625,0.8244688510894775
1740108554.797042.png,607.2886962890625,669.541259765625,832.8868408203125,720.0,0.6889777183532715
1740108554.930388.png,603.8555908203125,272.9609375,827.1055908203125,339.408447265625,0.8658967614173889
1740108554.930388.png,101.88711547851562,245.91357421875,253.27154541015625,302.93658447265625,0.8331393003463745
1740108554.930388.png,575.6280517578125,667.6448974609375,800.8065185546875,720.0,0.783609926700592
1740108554.997076.png,588.8428955078125,273.2269592285156,811.5191650390625,339.2459411621094,0.8630364537239075
1740108554.997076.png,72.92453002929688,243.11343383789065,232.71664428710935,302.2909240722656,0.8608506321907043
1740108554.997076.png,560.5095825195312,668.72021484375,783.7506713867188,720.0,0.7698584198951721
1740108555.063794.png,57.194580078125,239.81219482421875,219.99288940429688,301.03448486328125,0.8684613704681396
1740108555.063794.png,580.5239868164062,272.526123046875,804.4069213867188,338.4654541015625,0.8614685535430908
1740108555.063794.png,551.114990234375,666.9002685546875,775.62109375,720.0,0.7395737767219543
1740108555.197232.png,563.9024658203125,272.59619140625,788.5181884765625,339.116943359375,0.8682078123092651
1740108555.197232.png,23.530014038085938,229.3722381591797,197.48800659179688,293.45770263671875,0.834121584892273
1740108555.197232.png,530.3417358398438,667.8792114257812,755.2223510742188,720.0,0.7554324865341187
1740108555.263952.png,17.473175048828125,230.8995361328125,191.10971069335935,294.69366455078125,0.8368580341339111
1740108555.263952.png,558.9351806640625,275.1927490234375,786.3450927734375,344.50927734375,0.8267970085144043
1740108555.263952.png,524.78125,672.6678466796875,749.802001953125,720.0,0.7046017646789551
1740108555.330672.png,559.8177490234375,269.4272155761719,786.4393310546875,337.6656799316406,0.8545639514923096
1740108555.330672.png,20.32012939453125,223.3540802001953,188.94366455078125,284.80010986328125,0.8446675539016724
1740108555.330672.png,521.908447265625,666.1474609375,748.622802734375,720.0,0.7273222804069519
1740108555.397393.png,552.5364990234375,270.2828369140625,777.575927734375,338.976318359375,0.8550407290458679
1740108555.397393.png,4.421905517578125,219.779052734375,181.56124877929688,283.19146728515625,0.8152344822883606
1740108555.397393.png,511.8402099609375,666.3827514648438,740.1871337890625,720.0,0.7361457943916321
1740108555.530836.png,524.90478515625,256.7432556152344,755.93408203125,325.5375061035156,0.8411134481430054
1740108555.530836.png,493.69830322265625,651.93212890625,724.9380493164062,719.78125,0.7685253024101257
1740108555.530836.png,0.015411376953125,213.73980712890625,149.3276824951172,278.71209716796875,0.7196305394172668
1740108555.597558.png,512.1834716796875,249.38992309570312,742.3460693359375,316.7972717285156,0.8395767211914062
1740108555.597558.png,485.6712036132813,642.4808349609375,713.3045043945312,711.7108154296875,0.7291465997695923
1740108555.597558.png,0.3594207763671875,203.05865478515625,121.67179870605467,272.9090576171875,0.5194920301437378
1740108555.664280.png,493.6903076171875,245.93682861328125,726.2698974609375,315.18951416015625,0.81819087266922
1740108555.664280.png,470.7528076171875,640.9343872070312,698.55859375,709.9949340820312,0.7740774750709534
1740108555.797725.png,474.90185546875,242.20245361328125,708.4459228515625,312.6317749023437,0.8302907943725586
1740108555.797725.png,452.8818664550781,640.031005859375,682.67919921875,707.981201171875,0.7050018310546875
1740108555.864449.png,469.781494140625,241.102294921875,705.624267578125,311.753662109375,0.8564941883087158
1740108555.864449.png,446.495849609375,639.7154541015625,677.9339599609375,708.1292724609375,0.7722956538200378
1740108555.931173.png,466.8602600097656,241.6712646484375,698.6519775390625,312.6090087890625,0.8534408211708069
1740108555.931173.png,443.1611022949219,640.07568359375,676.599365234375,710.6175537109375,0.8083797097206116
1740108556.064585.png,461.4932556152344,242.1734313964844,696.0347900390625,312.6425476074219,0.8513303399085999
1740108556.064585.png,444.6743774414063,643.5460205078125,648.3186645507812,713.0247802734375,0.7111232280731201
1740108556.131280.png,459.8845520019531,241.6156005859375,694.8818359375,311.9173583984375,0.8481866717338562
1740108556.131280.png,444.5681762695313,643.228271484375,638.9129028320312,714.21484375,0.7673941254615784
1740108556.197976.png,458.3387145996094,240.370849609375,694.3822021484375,311.537353515625,0.8487000465393066
1740108556.197976.png,445.4523010253906,643.1903686523438,623.2271728515625,711.9458618164062,0.5405148863792419
1740108556.331365.png,459.3026123046875,243.986572265625,695.51123046875,313.963623046875,0.814946174621582
1740108556.398059.png,457.6759948730469,243.21685791015625,693.982421875,313.2748413085937,0.8255190849304199
1740108556.464752.png,454.0331726074219,241.277587890625,691.376708984375,310.492431640625,0.8656467795372009
1740108556.531445.png,442.00396728515625,241.14556884765625,679.3577270507812,311.42071533203125,0.8586850166320801
1740108556.664830.png,409.964599609375,247.79849243164065,652.0516357421875,315.2668762207031,0.8303539156913757
1740108556.664830.png,1149.077392578125,336.28143310546875,1280.0,379.43157958984375,0.646486759185791
1740108556.731522.png,393.6867065429688,249.5630798339844,636.1262817382812,318.5628967285156,0.8532013893127441
1740108556.731522.png,1129.302978515625,332.73681640625,1266.367431640625,375.387451171875,0.5870738625526428
1740108556.798213.png,382.2978515625,247.8194580078125,623.8894653320312,314.7158203125,0.8366109132766724
1740108556.798213.png,1111.4453125,326.12408447265625,1248.5771484375,367.7192993164063,0.6858662366867065
1740108556.931593.png,354.8875732421875,253.21368408203125,603.3416137695312,321.5321655273437,0.8501933813095093
1740108556.931593.png,1081.71484375,336.20330810546875,1210.188232421875,375.6160888671875,0.5670173764228821
1740108556.931593.png,393.4329833984375,668.449462890625,564.369384765625,720.0,0.5426294207572937
1740108556.998287.png,345.55047607421875,251.6114196777344,599.3634643554688,321.2243957519531,0.8395954370498657
1740108556.998287.png,363.74554443359375,668.718994140625,559.6209716796875,720.0,0.5728077292442322
1740108557.064988.png,343.5853271484375,249.68914794921875,594.6690673828125,319.77056884765625,0.8310198783874512
1740108557.064988.png,1067.236328125,348.0339050292969,1193.50634765625,390.0357360839844,0.6643889546394348
1740108557.064988.png,350.0576171875,669.27880859375,550.3753662109375,720.0,0.5123453140258789
1740108557.198389.png,333.21435546875,243.07229614257807,584.7708129882812,312.5702209472656,0.8265184164047241
1740108557.265089.png,332.4232177734375,229.90249633789065,585.0155029296875,301.2474060058594,0.8432013392448425
1740108557.265089.png,1051.345947265625,356.538818359375,1176.3798828125,398.137451171875,0.5077509880065918
1740108557.331788.png,328.8631591796875,221.7461395263672,585.0311279296875,294.42156982421875,0.8272935748100281
1740108557.331788.png,1050.9287109375,353.3282470703125,1175.52783203125,395.83447265625,0.6527660489082336
1740108557.465185.png,330.48760986328125,216.6519470214844,583.7206420898438,284.6846618652344,0.8443431258201599
1740108557.465185.png,1055.58642578125,336.4114990234375,1177.861328125,376.7406005859375,0.6681221723556519
1740108557.531883.png,324.3314208984375,219.29058837890625,576.8626708984375,289.4468994140625,0.8434415459632874
1740108557.598581.png,314.9136962890625,227.3130798339844,567.1302490234375,296.3672180175781,0.824343204498291
1740108557.598581.png,1041.392578125,335.2073669433594,1160.00048828125,375.4642639160156,0.6705493330955505
1740108557.731976.png,300.58026123046875,234.73904418945312,559.6925048828125,306.4009094238281,0.8331502079963684
1740108557.731976.png,1028.8271484375,343.2960510253906,1149.423095703125,383.6309509277344,0.6822457313537598
1740108557.798673.png,298.197509765625,238.3538818359375,555.3798828125,308.1219482421875,0.8529787659645081
1740108557.865369.png,291.51153564453125,242.2890625,546.3935546875,312.0185546875,0.8478122353553772
1740108557.865369.png,1015.035400390625,350.6125793457031,1131.81591796875,390.1667175292969,0.6203696727752686
1740108557.998762.png,264.98858642578125,242.48492431640625,525.5769653320312,311.69976806640625,0.8322728872299194
1740108558.065462.png,251.162353515625,240.51141357421875,514.6240234375,310.9573974609375,0.8437367677688599
1740108558.132161.png,238.8399353027344,241.6424560546875,506.8352355957031,311.5682373046875,0.8588616251945496
1740108558.265560.png,217.87887573242188,239.4251708984375,490.8432312011719,310.330322265625,0.8556427955627441
1740108558.332258.png,202.8142852783203,238.1943359375,479.8903198242188,309.74822998046875,0.8404209613800049
1740108558.398956.png,185.30841064453125,236.22430419921875,466.47991943359375,306.2426147460937,0.8530625700950623
1740108558.465654.png,164.23684692382812,233.60821533203125,452.6451721191406,305.12030029296875,0.8691173791885376
1740108558.599048.png,131.26695251464844,228.13568115234372,432.8343505859375,300.137451171875,0.8480926156044006
1740108558.665744.png,122.34912109375,223.62380981445312,423.309814453125,296.8814392089844,0.8654618859291077
1740108558.732442.png,111.369873046875,220.308349609375,417.5284423828125,294.68292236328125,0.8471031785011292
